First Name,Last Name,E-mail
Ahmad,S.,ahmad2@hotmail.com
Ryan,B.,hotnready4l@gmail.com
Renato,A.,ren+stimpy@ymail.com
Ryan,G.,canuhandlethegraessel@hotmail.com
Santiago,G.,santigissecure@securedomain.net
Geoff,L.,geo_flip@yahoo.com
Rodney,P.,rperezart@gmail.com
Danny,L.,dannybobanny@hotmail.com
Juan,O.,juanez@gmail.com
Auston,B.,bunsenator@wyncode.co
Bianca,L.,biancal@gmail.com
Juha,M.,jujube@wyncode.co
Ed,Toro,eddroid@hotmail.com